{
    "score": {
        "AN": {
            "baseline_mean": 5.333333333333333,
            "strategy_mean": 6.0,
            "p_value": 0.2548186142312379
        },
        "EE": {
            "baseline_mean": 5.476190476190475,
            "strategy_mean": 5.285714285714286,
            "p_value": 0.8010760395237071
        },
        "IL": {
            "baseline_mean": 5.809523809523809,
            "strategy_mean": 4.857142857142857,
            "p_value": 0.02016374568624988
        },
        "LC": {
            "baseline_mean": 5.333333333333333,
            "strategy_mean": 5.857142857142857,
            "p_value": 0.44561390967797143
        },
        "RQ": {
            "baseline_mean": 5.809523809523809,
            "strategy_mean": 4.714285714285714,
            "p_value": 0.1468299972113045
        },
        "TP": {
            "baseline_mean": 5.666666666666666,
            "strategy_mean": 6.571428571428571,
            "p_value": 0.12500917877066378
        }
    }
}