{
    "score": {
        "AN": {
            "method_0_mean": 3.357142857142857,
            "method_1_mean": 2.4285714285714284
        },
        "EE": {
            "method_0_mean": 1.7857142857142858,
            "method_1_mean": 1.9285714285714286
        },
        "IL": {
            "method_0_mean": 2.5,
            "method_1_mean": 2.4285714285714284
        },
        "LC": {
            "method_0_mean": 3.0714285714285716,
            "method_1_mean": 2.857142857142857
        },
        "RQ": {
            "method_0_mean": 2.9285714285714284,
            "method_1_mean": 3.2857142857142856
        },
        "TP": {
            "method_0_mean": 3.0714285714285716,
            "method_1_mean": 3.0714285714285716
        }
    },
    "recall": {
        "AN": {
            "method_0_mean": 2.857142857142857,
            "method_1_mean": 3.5
        },
        "EE": {
            "method_0_mean": 2.0,
            "method_1_mean": 2.857142857142857
        },
        "IL": {
            "method_0_mean": 3.7142857142857144,
            "method_1_mean": 4.0
        },
        "LC": {
            "method_0_mean": 1.8571428571428572,
            "method_1_mean": 3.5
        },
        "RQ": {
            "method_0_mean": 3.9285714285714284,
            "method_1_mean": 3.357142857142857
        },
        "TP": {
            "method_0_mean": 3.5714285714285716,
            "method_1_mean": 5.142857142857143
        }
    },
    "theme": {
        "AN": {
            "method_0_mean": 3.0,
            "method_1_mean": 2.857142857142857
        },
        "EE": {
            "method_0_mean": 1.7857142857142858,
            "method_1_mean": 1.6428571428571428
        },
        "IL": {
            "method_0_mean": 2.142857142857143,
            "method_1_mean": 1.7142857142857142
        },
        "LC": {
            "method_0_mean": 1.8571428571428572,
            "method_1_mean": 1.7857142857142858
        },
        "RQ": {
            "method_0_mean": 1.8571428571428572,
            "method_1_mean": 1.8571428571428572
        },
        "TP": {
            "method_0_mean": 2.2857142857142856,
            "method_1_mean": 2.642857142857143
        }
    },
    "overall": {
        "AN": {
            "method_0_mean": 9.214285714285714,
            "method_1_mean": 8.785714285714286
        },
        "EE": {
            "method_0_mean": 5.571428571428571,
            "method_1_mean": 6.428571428571429
        },
        "IL": {
            "method_0_mean": 8.357142857142858,
            "method_1_mean": 8.142857142857142
        },
        "LC": {
            "method_0_mean": 6.785714285714286,
            "method_1_mean": 8.142857142857142
        },
        "RQ": {
            "method_0_mean": 8.714285714285714,
            "method_1_mean": 8.5
        },
        "TP": {
            "method_0_mean": 8.928571428571429,
            "method_1_mean": 10.857142857142858
        }
    }
}