{
    "AN": {
        "score": {
            "f_stat": 8.417624521072794,
            "p_value": 0.007468501784213226
        },
        "recall": {
            "f_stat": 0.32251148545176106,
            "p_value": 0.574974199518357
        },
        "theme": {
            "f_stat": 0.03880597014925373,
            "p_value": 0.8453654012651003
        },
        "overall": {
            "f_stat": 0.050441905583099814,
            "p_value": 0.8240518153271779
        }
    },
    "EE": {
        "score": {
            "f_stat": 0.11158798283261807,
            "p_value": 0.7410229186935602
        },
        "recall": {
            "f_stat": 1.1969309462915605,
            "p_value": 0.2839685318661083
        },
        "theme": {
            "f_stat": 0.14525139664804473,
            "p_value": 0.7062118234377739
        },
        "overall": {
            "f_stat": 0.49005235602094255,
            "p_value": 0.4901208814263842
        }
    },
    "IL": {
        "score": {
            "f_stat": 0.02658486707566462,
            "p_value": 0.8717408303676774
        },
        "recall": {
            "f_stat": 0.11529933481152987,
            "p_value": 0.7369174082610701
        },
        "theme": {
            "f_stat": 0.6125654450261779,
            "p_value": 0.44089423321175625
        },
        "overall": {
            "f_stat": 0.02171089255891631,
            "p_value": 0.8839954698914925
        }
    },
    "LC": {
        "score": {
            "f_stat": 0.5021459227467812,
            "p_value": 0.4848643304377568
        },
        "recall": {
            "f_stat": 4.1907373552711755,
            "p_value": 0.050876134689730255
        },
        "theme": {
            "f_stat": 0.01854493580599148,
            "p_value": 0.8927280986461654
        },
        "overall": {
            "f_stat": 1.4570009313877679,
            "p_value": 0.23827525162612842
        }
    },
    "RQ": {
        "score": {
            "f_stat": 1.3052208835341361,
            "p_value": 0.2636737642845526
        },
        "recall": {
            "f_stat": 0.3855421686746988,
            "p_value": 0.5400576753503871
        },
        "theme": {
            "f_stat": -2.1364982849735737e-32,
            "p_value": NaN
        },
        "overall": {
            "f_stat": 0.022565091610414652,
            "p_value": 0.8817528498156223
        }
    },
    "TP": {
        "score": {
            "f_stat": 0.0,
            "p_value": 1.0
        },
        "recall": {
            "f_stat": 3.2299794661190973,
            "p_value": 0.08392766255621295
        },
        "theme": {
            "f_stat": 0.5038759689922481,
            "p_value": 0.4841201826542194
        },
        "overall": {
            "f_stat": 2.047310434219054,
            "p_value": 0.16438546187323824
        }
    }
}