{
    "score": {
        "LC": {
            "mean_without_strategy": 3.0625,
            "mean_with_strategy": 2.8125,
            "p_value": 0.3757864038916654
        },
        "RQ": {
            "mean_without_strategy": 2.875,
            "mean_with_strategy": 3.0,
            "p_value": 0.6579268252758792
        },
        "AN": {
            "mean_without_strategy": 3.25,
            "mean_with_strategy": 2.3125,
            "p_value": 0.012738965866725975
        },
        "IL": {
            "mean_without_strategy": 2.375,
            "mean_with_strategy": 2.3125,
            "p_value": 0.6604070693155764
        },
        "TP": {
            "mean_without_strategy": 3.0,
            "mean_with_strategy": 2.875,
            "p_value": 0.47950012218695337
        },
        "EE": {
            "mean_without_strategy": 1.8125,
            "mean_with_strategy": 1.875,
            "p_value": 0.9705962435024371
        }
    },
    "withoutcues": {
        "LC": {
            "mean_without_strategy": 1.9375,
            "mean_with_strategy": 3.5,
            "p_value": 0.014768642885280955
        },
        "RQ": {
            "mean_without_strategy": 3.8125,
            "mean_with_strategy": 3.375,
            "p_value": 0.6711797085538185
        },
        "AN": {
            "mean_without_strategy": 2.5,
            "mean_with_strategy": 3.5,
            "p_value": 0.4256872622232275
        },
        "IL": {
            "mean_without_strategy": 3.5,
            "mean_with_strategy": 4.0,
            "p_value": 0.5673134684401218
        },
        "TP": {
            "mean_without_strategy": 3.5625,
            "mean_with_strategy": 5.25,
            "p_value": 0.01635122157580586
        },
        "EE": {
            "mean_without_strategy": 1.9375,
            "mean_with_strategy": 2.5625,
            "p_value": 0.2821662736745819
        }
    }
}