{
    "score": {
        "IL": {
            "mean_method0": 4.75,
            "mean_method1": 5.125,
            "F-value": 0.7714285714285715,
            "p-value": 0.3936272561828801
        },
        "RQ": {
            "mean_method0": 5.8125,
            "mean_method1": 5.375,
            "F-value": 0.8844765342960289,
            "p-value": 0.361878216478008
        },
        "TP": {
            "mean_method0": 5.9375,
            "mean_method1": 6.4375,
            "F-value": 1.5,
            "p-value": 0.23955773581395828
        },
        "LC": {
            "mean_method0": 5.5625,
            "mean_method1": 5.75,
            "F-value": 0.2315608919382504,
            "p-value": 0.6373130771059656
        },
        "EE": {
            "mean_method0": 5.625,
            "mean_method1": 5.375,
            "F-value": 0.2173913043478261,
            "p-value": 0.647733954031843
        },
        "AN": {
            "mean_method0": 6.0625,
            "mean_method1": 5.8125,
            "F-value": 0.2830188679245283,
            "p-value": 0.6025204654325083
        }
    },
    "cognitive_load": {
        "IL": {
            "mean_method0": 18.5,
            "mean_method1": 16.0,
            "F-value": 1.3786764705882353,
            "p-value": 0.2586322609007714
        },
        "RQ": {
            "mean_method0": 18.625,
            "mean_method1": 16.3125,
            "F-value": 3.3824740569922556,
            "p-value": 0.08577110192318892
        },
        "TP": {
            "mean_method0": 16.4375,
            "mean_method1": 15.625,
            "F-value": 0.7122787299803295,
            "p-value": 0.41194630186307724
        },
        "LC": {
            "mean_method0": 16.9375,
            "mean_method1": 17.0625,
            "F-value": 0.009823182711198428,
            "p-value": 0.922361789720859
        },
        "EE": {
            "mean_method0": 19.3125,
            "mean_method1": 19.9375,
            "F-value": 0.11408579251597202,
            "p-value": 0.740220211729083
        },
        "AN": {
            "mean_method0": 16.8125,
            "mean_method1": 17.6875,
            "F-value": 0.34555712270803945,
            "p-value": 0.5653845922470526
        }
    },
    "enjoyment": {
        "IL": {
            "mean_method0": 7.4375,
            "mean_method1": 9.25,
            "F-value": 1.0764570355832435,
            "p-value": 0.315928394864316
        },
        "RQ": {
            "mean_method0": 7.6875,
            "mean_method1": 10.0,
            "F-value": 4.6260419013291285,
            "p-value": 0.0481995527008392
        },
        "TP": {
            "mean_method0": 9.125,
            "mean_method1": 11.0,
            "F-value": 3.0821917808219177,
            "p-value": 0.09954741994598053
        },
        "LC": {
            "mean_method0": 7.5625,
            "mean_method1": 8.8125,
            "F-value": 1.1755485893416928,
            "p-value": 0.2953840176334435
        },
        "EE": {
            "mean_method0": 7.625,
            "mean_method1": 7.8125,
            "F-value": 0.016726551852310742,
            "p-value": 0.8988138882756314
        },
        "AN": {
            "mean_method0": 8.125,
            "mean_method1": 7.0,
            "F-value": 0.4328464552903456,
            "p-value": 0.5205653190513343
        }
    }
}